CustomerId,LoanAmount0,LoanPeriod0,Good,PredictedGood0,OptimizedLoanAmount,OptimizedLoanPeriod,OptimizedPredictedGood
100001,2100,7,1,365,2077.1518215,12.390507699,684.0000058686627
100002,4500,9,1,463,4456.1703072,12.722621224,684.0000000996539
100003,7000,16,0,260,6935.5439249,23.150364364,684.0000000947359
100004,1200,5,1,295,1182.1568673,11.577624151,684.0000000067281
100005,2600,8,1,309,2568.4876136,14.334831349,684.0000039048136
